epoch,loss,lr
1,7.966195452045911,0.00040500000000000003
2,6.261230111680053,0.0004981057259983839
3,5.853402582977938,0.0004899840288066402
4,5.63178643272745,0.00047568996607485895
5,5.463290082125136,0.00045563393191800077
6,5.331020115690187,0.0004303917513161201
7,5.220580209621959,0.00040068814771294134
8,5.120676402554683,0.0003673759356189788
9,5.0278283106555435,0.0003314115356164153
10,4.943119156937145,0.00029382751474977105
11,4.86677250624075,0.0002557029406899844
12,4.799645732605885,0.0002181324008278559
13,4.7400042002732965,0.00018219457578376875
14,4.690614451484263,0.00014892126961366748
15,4.64961358723514,0.0001192677858791585
16,4.6163027241895795,9.408550010874472e-05
17,4.589204097686803,7.409741611704198e-05
18,4.568073100493218,5.9877407979843745e-05
19,4.55201041233521,5.1833743644738036e-05
20,4.538104497326332,5.019736322775687e-05
